No,Education,Major,Year,Target Major,Degree Application, GPA,GMAT,IBT,GRE,IETLS,Distinguished Internship,General Internship,Research Experience,Other Experience,rank
187,3,237,2010,171,1,3.7,0,102,327.5,7,4,2,6,0,3
271,3,159,2009,349,1,3.38,0,97,272.2110834,5.5,2,2,5,0,2
790,3,273,2011,293,3,3.4,0,101,325,7,4,2,6,5,3
579,3,299,2008,372,1,3.8,0,0,0,0,1,0,1,0,0
479,3,224,2009,275,2,3.27,0,88,320,6,2,0,5,0,2
844,1,123,2006,398,1,3.4,620,61,0,0,0,0,0,0,1
522,3,192,2010,254,1,3.67,0,97,0,5.5,2,2,1,0,2
173,1,76,2010,398,1,3.64,0,0,0,6.5,0,2,0,2,0
229,1,72,2010,211,1,3.5,0,0,0,0,0,0,0,4,1
652,1,10,2007,177,1,3.22,0,0,0,0,0,3,0,0,0
234,3,234,2010,296,3,3.21,0,0,319.2851806,6,2,1,4,3,2
106,3,254,2010,338,1,3.68,0,108,319,0,1,0,1,2,0
219,3,145,2010,169,3,3.08,0,93,0,0,0,0,1,1,0
946,1,329,2007,398,1,3.65,660,88,0,0,1,1,0,0,1
688,3,26,2011,78,1,3.5,740,104,0,6,4,2,1,3,2
756,3,220,2011,287,1,3.9,0,113,329.5,7,4,3,7,1,3
63,3,277,2010,360,1,3.32,325.5,99,319.2851806,5.5,2,0,1,0,2
426,2,284,2009,152,1,3.67,0,110,313,0,0,0,0,0,1
174,3,153,2006,80,1,3.54,640,82,0,6,3,0,1,1,2
976,3,91,2007,398,1,3.5,730,111,0,0,2,2,0,0,1
77,3,229,2010,102,1,3.38,740,101,313.0373599,7,4,3,6,3,3
488,3,321,2009,372,1,3.6,0,106,274.2577833,0,0,1,0,0,1
704,1,239,0,15,1,3.53,0,0,0,0,0,1,2,4,0
267,3,90,2009,436,1,3.42,690,0,296.0174346,6.5,4,1,2,0,2
534,1,26,2010,71,1,3.53,734.5,0,0,7,1,0,0,0,1
476,3,41,2009,200,1,3.01,0,102,278.5666252,7,4,2,6,0,3
685,3,159,2011,55,1,3.25,0,0,0,0,0,0,0,0,0
848,2,352,2006,243,2,2.93,0,89,0,0,0,0,0,0,1
512,2,286,2010,71,1,0,680,86,0,6.5,0,3,0,0,1
507,3,222,2010,398,1,3.37,714.5,0,0,7,4,0,4,0,2
626,3,298,2007,372,1,3.2,0,106,306.7895392,5.5,3,1,1,0,2
520,2,86,2010,177,1,2.9,0,0,0,7.5,3,1,1,0,2
861,3,185,2006,31,1,3.57,0,108,0,6.5,2,0,1,0,2
239,2,55,2010,129,1,2.7,0,82,316,0,0,0,1,0,0
905,1,282,2006,29,1,3.3,0,84,213.9,0,0,0,0,0,1
977,3,253,2007,55,1,3.32,0,0,0,0,0,0,0,0,0
640,3,272,2007,240,1,3.74,0,101,323.9171856,7,4,4,6,0,3
624,3,144,2007,201,1,3.5,0,108,272.2110834,7,4,6,7,0,3
380,3,174,2009,71,1,3.48,720,107,0,0,2,1,0,0,1
79,3,344,2010,398,1,3.64,750,112,304.5273973,7,5,2,6,3,3
269,3,32,2009,55,1,3.81,0,0,258.5305106,0,0,0,0,0,0
513,3,39,2010,372,1,2.9,0,87,323,6.5,2,0,4,0,2
568,3,203,2008,261,1,2.99,720,0,0,6.5,0,3,1,0,0
676,0,10,2007,55,1,0,0,0,0,0,0,2,0,0,0
475,3,206,2009,200,1,3.33,0,110,291.6008717,5.5,2,0,2,0,2
177,2,51,2010,123,1,3.44,0,107,324.5,6.5,2,2,1,3,2
546,2,108,2010,211,1,3.548,0,108,329.5,7,4,6,5,0,3
527,1,308,2010,437,1,3.75,0,0,0,6.5,0,2,0,0,1
16,1,176,2010,237,1,3.4,0,0,0,5,0,1,0,2,1
240,3,62,2010,371,2,4.64,0,0,0,7,0,0,1,0,0
291,3,95,2009,346,1,3.4,0,90,260.6849315,0,0,0,0,0,0
917,2,212,2006,23,1,3.8,0,101,289.4464508,5.5,2,0,1,0,2
872,3,224,2006,275,2,3.35,0,0,0,6,2,0,1,0,2
163,3,321,2010,379,1,3.52,0,88,315,6.5,3,1,2,7,2
778,3,157,2012,210,1,3.5,0,101,332,7,4,3,6,1,3
728,3,162,2011,332,1,3.46,0,109,331,0,0,0,1,0,0
795,3,62,2015,134,1,3.69,0,0,326.5,7,4,3,7,1,3
766,3,321,2012,372,1,3.96,0,93,318,0,0,2,1,1,1
662,0,10,2007,71,1,0,0,0,0,0,0,3,0,0,0
691,3,326,2011,296,1,3.5,0,90,319,6,3,2,1,3,2
866,3,158,2006,349,1,3.496,0,90,0,7,4,2,6,0,3
669,0,10,2007,55,1,0,0,0,0,0,0,1,0,0,0
702,3,206,2004,170,1,3.28,0,103,327,6.5,2,0,1,0,2
236,3,95,2010,158,1,3.46,0,106,324,6.5,2,0,3,1,2
882,2,108,2006,248,1,3.5,0,111,272.2110834,5.5,2,0,1,0,2
204,3,119,2010,190,1,3.29,11.19,0,0,7.5,0,0,0,2,0
982,3,84,2007,312,1,3.432,0,95,265.6400996,0,0,0,1,2,1
176,3,44,2010,101,1,3.3,0,104,317,6.5,2,2,1,1,2
336,2,305,2010,362,3,3.72,0,109,221,6.5,2,3,1,0,2
20,3,253,2010,413,1,3.74,740,102,0,7,6,3,7,3,3
482,3,296,2009,345,3,3.5,0,0,320.5,7,0,0,2,0,0
811,3,242,2011,307,1,2.8,0,99,320,0,0,1,3,1,0
693,1,346,2010,112,1,3.3,0,0,0,7,4,2,6,0,3
19,3,60,2010,77,1,3.56,0,0,0,5.5,0,2,0,4,0
322,3,33,2010,405,1,3.06,756,109,0,0,3,0,3,0,0
998,3,333,2010,398,1,3.55,700,91,0,0,1,1,0,0,1
37,3,174,2010,87,1,3.62,0,0,0,6.5,0,0,0,0,0
142,1,342,2010,71,1,3.61,680,91,0,0,2,1,0,0,0
233,3,206,2010,296,1,3.2,0,94,324,7,4,4,5,4,3
384,3,108,2008,214,1,3.8,0,86,0,7,2,0,1,0,2
876,2,192,2006,37,1,3.53,0,109,0,6,2,0,1,0,2
815,1,340,2011,388,1,3.3,750,0,0,8,4,3,7,1,3
155,2,329,2010,399,1,3.54,770,110,0,0,2,3,0,2,1
941,1,329,2007,398,1,3.608,700,101,0,6.5,2,2,1,0,2
598,2,10,2009,105,2,3.7,0,0,233.3237858,0,0,0,2,0,1
819,3,96,2006,156,2,3.5,0,100,286.5379826,6,2,0,1,0,2
729,3,329,2011,332,1,3.77,0,103,324,6,3,1,3,2,2
49,3,159,2010,411,1,3.5,710,111,0,0,2,1,0,2,0
643,3,99,2007,161,1,3.4,0,97,259.1768369,7,4,5,7,0,3
602,3,125,2008,330,2,3.4,770,114,0,6,2,0,5,0,2
560,3,72,2008,398,1,3,750,109,0,0,2,0,0,0,1
115,3,158,2010,197,2,3.372,0,105,0,7,4,2,5,2,3
485,3,158,2009,349,2,3.35,0,100,320,6,2,0,2,0,2
216,3,265,2010,354,1,3.69,0,99,0,0,0,1,1,2,1
737,3,261,2009,349,1,3.4,0,106,330,7,4,2,7,1,3
603,3,345,2008,424,1,2.9,0,0,315.2995019,7.5,4,2,3,0,2
605,1,329,2008,333,1,2.9,0,91,248.4047323,0,1,1,0,0,1
557,3,10,2008,252,1,2.9,0,94,0,6,2,1,1,0,2
301,3,62,2009,130,2,3.64,0,100,325,6,2,0,3,0,2
42,3,242,2010,310,3,3.87,0,103,323,7,4,4,5,7,3
98,3,278,2011,361,2,3.36,0,98,0,6.5,0,1,2,5,0
692,3,206,2006,372,1,3.6,0,102,327,0,0,0,0,1,1
785,2,26,2013,324,1,3.9,710,0,0,7.5,1,3,0,1,1
170,1,341,2010,430,1,3.3,0,0,0,7,0,2,0,6,0
871,3,273,2006,6,3,3,0,106,0,0,0,0,0,0,1
68,1,28,2007,71,1,3.68,680,101,311.5,0,1,2,0,16,1
570,3,156,2008,64,1,3.52,720,0,0,7,3,3,1,0,2
783,3,158,2011,349,1,3.74,0,100,325,7,4,3,6,0,3
391,1,33,2007,398,1,3.83,720,102,0,0,0,0,0,0,1
227,3,84,2010,71,1,3.32,650,110,0,5.5,4,3,4,0,2
376,3,111,2009,32,3,3.47,0,105,328.5,7,4,2,5,0,3
847,3,175,2006,235,2,3.3,0,97,267.1481943,6.5,2,0,1,0,2
807,2,42,2011,318,1,3.8,0,101,325,6.5,3,2,1,0,2
501,3,296,2009,46,1,3.7,0,110,289.4464508,7,4,3,7,0,3
554,2,329,2008,349,1,3.81,0,96,269.9489415,6.5,4,1,1,0,2
732,3,110,2012,157,1,3.85,0,97,322.5,7,4,2,6,6,3
689,3,339,2011,396,1,2.9,0,101,328.5,6.5,3,1,1,3,2
505,1,334,2010,398,1,3.44,0,0,102,7,4,2,5,0,3
589,3,156,2008,209,3,3.92,0,108,327.5,7,4,4,5,0,3
725,1,251,2012,163,1,3.7,0,0,332.5,0,0,1,0,8,1
302,3,230,2009,296,1,3.64,0,92,321,0,0,0,2,0,1
378,1,334,2009,71,1,4.1,760,106,0,0,1,1,0,0,1
530,3,163,2010,405,1,3.3,0,0,0,7,1,1,1,0,1
283,3,210,2009,263,1,3.74,0,102,280.9364882,7,4,2,5,0,3
949,3,91,2007,398,1,3.54,730,108,0,7,5,3,5,0,3
211,3,260,2010,398,1,3.51,710,104,0,0,0,1,0,4,1
312,2,329,2009,398,1,3.16,660,103,0,0,0,0,3,0,0
53,1,118,2009,97,1,3.15,0,97,0,0,0,2,0,1,1
907,2,74,2006,25,1,3.75,0,109,304.7428394,5.5,2,0,1,0,2
567,3,215,2008,164,2,2.6,0,100,302.3729763,0,0,0,0,0,1
547,2,293,2010,211,1,3.18,0,108,320,0,0,3,0,0,1
954,3,108,2007,167,1,3.59,0,94,229.014944,0,0,2,0,0,1
558,1,10,2008,252,1,3.2,0,101,0,6.5,2,1,1,0,2
447,3,100,2009,242,1,3.47,0,101,330,6,2,1,5,0,2
952,1,133,2007,325,1,3.6,0,106,249.9128269,0,0,1,0,0,1
203,2,73,2010,320,1,3.38,740,104,0,0,3,0,0,5,1
272,3,260,2009,55,1,3.67,600,84,264.9937733,0,0,0,0,0,0
410,3,263,2009,285,2,3.34,0,101,327,5.5,2,0,1,0,2
230,3,196,2010,177,1,3.3,660,107,0,0,0,1,0,1,1
804,3,220,2011,287,1,4,0,113,329.5,7,4,3,7,1,3
577,1,26,2008,71,1,3.3,660,90,0,0,0,4,0,0,1
994,3,167,2016,154,1,3.33,0,106,303.7733499,0,1,2,0,0,1
726,2,26,2012,324,1,3.9,710,0,0,7.5,1,3,0,1,1
846,1,295,2006,138,1,3.496,0,101,0,5.5,2,0,1,0,2
491,2,217,2009,112,1,3.5,0,111,328,7,4,2,6,0,3
351,2,108,2009,90,2,3.32,0,98,306,5.5,2,3,1,0,2
82,3,80,2010,337,1,3.49,710,99,293.6475716,6,4,0,3,0,2
538,0,53,2010,2,1,3.85,0,0,96,6,2,0,3,0,2
772,3,90,2011,78,1,4.75,0,103,321,0,0,1,0,0,1
968,3,329,2007,398,1,3.5,730,108,282.2291407,6,3,2,1,0,2
64,3,132,2010,136,1,3.68,0,88,293.6475716,6.5,2,0,2,5,2
764,3,182,2011,239,1,3.7,0,99,329.5,0,0,1,0,1,1
100,1,317,0,384,1,4.54,0,89,0,0,0,2,1,3,0
957,1,19,2007,64,1,3.8,730,102,0,6.5,2,2,1,0,2
282,3,230,2009,300,1,3.4,0,105,325.5,6.5,2,0,3,0,2
462,2,307,2009,398,1,3.34,704.5,105,0,0,1,2,0,0,1
72,3,249,2010,390,1,3.35,0,109,304.5273973,7,5,2,5,6,3
565,3,62,2008,139,2,3,0,100,285.0298879,0,0,0,2,0,1
677,1,26,2011,398,1,0,0,0,0,6.5,1,2,0,3,0
515,3,62,2010,138,1,3.6,0,104,319.5,6.5,2,0,3,0,2
595,3,10,2009,297,2,2.9,0,91,313.5,5.5,2,0,5,0,2
508,2,10,2010,55,1,3.65,0,0,0,0,0,0,0,0,0
413,2,109,2009,56,2,3.07,0,108,318,7,4,2,6,0,3
117,3,161,2010,222,3,3.5,0,107,322,0,0,0,1,3,1
901,2,26,2006,3,1,3.8,690,105,0,0,0,0,0,0,1
38,1,334,2006,414,1,3.46,700,102,0,6,3,1,1,0,2
841,3,5,2006,14,1,4,0,0,0,7,4,2,7,0,3
639,2,158,2007,349,1,3.2,0,95,293.6475716,5.5,2,1,1,0,2
939,3,26,2007,398,1,3.43,720,112,0,6.5,3,0,1,0,2
681,3,321,2011,231,1,2.98,0,0,0,0,1,0,0,0,0
258,3,141,2010,199,2,3.62,0,97,280.8287671,0,0,0,6,0,1
683,2,138,2011,193,1,3.7,0,102,322,6,2,1,1,2,2
381,1,209,2009,97,1,3.45,694.5,102,0,0,0,2,0,0,1
588,3,10,2008,93,1,3.57,0,0,0,7,0,3,0,0,0
576,1,27,2008,71,1,3.62,690,100,0,0,0,3,0,0,1
911,3,204,2006,38,1,3.6,0,102,285.24533,6.5,2,0,1,0,2
129,3,127,2010,177,1,2.5,710,110,318,0,1,2,0,0,0
710,3,344,2011,71,1,3.68,0,90,0,6,3,3,1,3,2
709,2,104,2011,217,1,2.9,0,110,324,7.5,2,1,1,2,2
717,3,226,2012,273,2,3.4,0,109,0,5.5,2,0,2,0,2
136,2,193,2010,250,1,3.56,0,109,0,7.5,0,1,0,3,0
851,2,352,2006,243,2,0,0,0,0,0,0,0,0,0,1
967,3,158,2007,415,1,3.5,0,103,308.8362391,7,5,2,5,0,3
854,3,141,2006,15,1,3.74,0,104,299.4645081,7,4,2,5,0,3
754,1,340,2011,349,1,4,0,0,323,7.5,4,3,7,0,3
223,2,103,2012,398,1,3.35,0,91,0,0,0,1,0,4,0
921,3,8,2006,41,1,3.7,620,0,0,6,0,0,0,0,1
113,3,313,2010,126,1,3.74,0,93,312,0,0,1,1,3,1
797,3,33,2011,398,1,3.7,0,100,326,6.5,2,2,1,1,2
246,3,85,2010,208,1,4,0,106,0,7,4,2,7,2,3
193,2,197,2010,177,1,3.6,700,113,0,0,1,1,0,2,1
280,3,247,2009,71,1,3.3,710,103,307,7,1,1,0,0,1
169,2,60,2010,322,1,3.73,680,99,0,0,0,2,1,1,0
993,1,26,2016,64,1,3.2,0,0,0,6,2,1,1,0,2
143,1,191,2010,252,1,3.4,0,0,0,7,0,1,0,1,1
314,3,329,2009,398,1,2.9,760,103,0,6,5,0,1,0,2
961,2,108,2007,216,1,3.67,0,114,304.7428394,7,4,2,7,0,3
635,3,108,2007,215,1,3.4,0,86,227.0759651,0,0,1,0,0,0
829,3,351,2006,243,2,3.572,0,103,267.1481943,7,4,2,5,0,3
944,1,26,2007,71,1,3.33,640,98,0,6.5,3,1,1,0,2
265,2,270,2009,227,1,3.8,0,109,302.3729763,5.5,3,2,2,0,2
213,3,338,2010,427,1,3.52,710,108,324,7,2,2,1,5,2
321,3,321,2009,372,1,3.3,0,98,316,6.5,3,0,3,0,2
987,1,190,2010,252,1,3.44,0,90,0,6.5,2,1,1,0,2
397,3,212,2009,267,1,3.62,0,85,310,6.5,2,0,1,0,2
480,3,224,2009,391,2,3.52,0,107,327.5,7,4,2,5,0,3
477,3,159,2009,188,2,3.35,0,97,0,5.5,2,0,5,0,2
127,2,89,2010,252,1,3.01,0,0,0,7,3,2,1,1,2
519,2,287,2010,55,1,3.33,0,0,0,0,0,0,0,0,0
986,3,158,2008,349,1,3.27,0,95,272.1033624,0,1,0,0,0,1
864,3,294,2006,369,2,2.8,0,105,299.4645081,0,0,0,0,0,1
58,3,41,2010,305,3,3.41,0,101,322,6.5,2,1,2,1,2
356,2,307,2009,72,1,3.6,620,0,0,7,0,7,0,0,1
912,3,156,2006,43,1,3.2,0,114,304.6351183,7,4,2,7,0,3
141,3,329,2010,76,1,3.58,680,94,0,0,1,0,1,0,1
886,1,307,2006,3,1,3.7,700,102,280.7210461,7,2,0,1,0,2
358,1,329,2010,398,1,3.63,0,0,0,0,0,0,0,0,0
270,1,266,2009,349,1,3.11,0,106,274.2577833,6.5,2,1,2,0,2
346,3,159,2009,425,1,2.9,0,104,318,6,3,0,1,0,2
857,3,141,2006,372,2,3.66,0,100,275.765878,5.5,2,0,1,0,2
663,3,10,2007,103,1,0,0,0,0,0,0,1,0,0,1
616,1,62,2007,236,2,3.28,0,93,248.4047323,0,0,0,3,0,0
202,2,87,2010,406,1,3.4,710,108,0,0,1,1,1,3,1
195,3,170,2010,229,1,2.9,0,109,329,5.5,2,1,1,3,2
439,3,158,2009,398,1,3,730,102,0,0,0,0,0,0,1
781,3,41,2011,99,1,3.6,0,107,330,7,4,2,7,0,3
367,2,270,2009,365,1,3.37,0,99,312.5,0,0,2,0,0,1
666,0,10,2007,55,1,3.3,0,0,0,0,0,1,2,0,0
394,3,186,2009,247,2,3.77,0,0,329,7,4,2,5,0,3
326,3,16,2010,348,1,3.3,0,98,318,0,1,0,2,0,1
504,2,285,2010,398,1,3.32,710,105,0,0,0,0,0,0,1
90,3,139,2011,198,2,3.74,0,109,320,6,2,0,3,2,2
770,3,162,2011,55,1,4.23,0,0,0,0,0,1,0,1,0
371,2,287,2009,368,3,3.43,0,86,294,0,0,1,0,0,0
895,2,192,2006,37,1,3.7,0,100,0,6,2,0,1,0,2
471,3,133,2009,349,1,3.44,0,104,306.5740971,7,4,2,7,0,3
894,1,329,2006,25,1,3.3,680,103,0,0,0,0,0,0,1
739,3,221,2008,314,2,3.69,0,94,0,6,2,0,4,0,2
867,3,62,2006,274,2,3.4,0,0,0,0,0,0,0,0,1
649,3,212,2007,266,1,3.74,0,96,261.3312578,7,4,3,7,0,3
317,3,158,2009,352,1,3.73,0,104,315,7,5,3,5,0,3
762,3,273,2010,302,1,3.51,0,87,308,0,0,0,0,0,0
151,2,26,2009,71,1,3.48,690,0,0,7,1,1,0,0,1
660,2,10,2007,55,1,3.3,0,0,0,0,0,1,0,0,0
978,3,167,2007,227,1,3.52,0,0,0,7,3,2,1,0,2
196,3,321,2008,67,1,3.01,0,108,293.0012453,0,0,2,0,2,1
760,3,329,2011,415,1,3.65,0,109,334,7,4,3,5,1,3
897,2,108,2006,48,1,3.2,700,102,272.2110834,5.5,2,0,1,0,2
210,3,88,2010,398,1,3.84,0,110,332,0,1,1,0,5,0
393,3,186,2009,246,2,3.51,0,105,0,7,4,2,6,0,3
178,1,207,2008,386,1,2.85,0,0,318,0,0,3,0,0,0
940,3,307,2007,40,1,2.9,750,109,290.8468244,5.5,2,2,1,0,2
593,3,40,2008,233,1,3.54,0,105,289.3387298,6,2,2,2,0,2
298,3,217,2009,288,2,3.44,0,96,289.5541719,7,4,2,7,0,3
344,3,280,2009,234,1,3.1,0,95,318,5.5,2,4,1,0,2
822,3,321,2006,372,1,3.56,0,0,0,5.5,2,0,1,0,2
139,1,329,2010,398,1,3.5,550,80,0,0,0,0,0,4,0
294,3,298,2009,372,1,3.58,0,110,320,6.5,2,2,3,0,2
614,3,54,2008,71,1,3.33,720,104,285.0298879,0,0,2,0,0,1
552,3,21,2008,298,1,3.9,0,0,0,7.5,2,0,1,0,2
96,3,212,2010,266,1,3.2,0,105,327,6,2,0,2,1,2
189,1,107,2009,71,1,3.6,719.5,112,0,6.5,3,2,1,4,2
831,3,221,2006,314,2,3.63,0,93,260.6849315,0,0,0,0,0,1
261,3,10,2009,160,1,3.55,0,102,326.5,6,2,0,4,0,2
620,1,329,2007,43,1,3.2,750,94,0,7,2,1,0,0,0
908,3,84,2006,21,1,3.2,0,88,0,0,0,0,0,0,0
183,3,22,2011,19,2,3.56,0,82,0,0,1,2,8,3,0
715,2,334,2011,398,1,3.14,710,102,0,0,0,0,0,0,1
17,3,84,2008,91,1,3.67,0,0,0,6,2,1,1,2,2
114,3,282,2008,212,1,4,0,106,308,7,4,6,5,0,3
87,3,173,2010,392,1,3.9,600,91,304.7428394,0,0,0,2,4,0
441,3,212,2009,266,1,3.54,0,99,0,6.5,2,0,4,0,2
50,3,302,2008,425,2,2.87,0,0,0,0,0,1,1,3,0
996,3,323,2015,398,1,3.65,725.5,104,0,6.5,2,1,1,0,2
665,0,10,2007,55,1,0,0,0,0,0,0,2,0,0,0
48,3,192,2010,177,1,3.6,710,108,309,7,5,2,7,3,3
877,2,329,2006,25,1,3.64,715,100,0,0,0,0,0,0,1
742,3,251,2011,335,1,3.55,0,100,324,6,3,0,1,0,2
825,3,217,2006,291,1,3.79,0,0,282.2291407,7,4,2,5,0,3
668,0,10,2007,55,1,3.5,0,0,0,0,1,2,0,0,0
318,3,158,2009,325,1,3.71,0,98,320,7,4,4,6,0,3
674,0,10,2007,55,1,0,0,0,0,0,1,1,0,0,0
834,2,334,2006,332,2,3.63,0,103,299.4645081,6,2,0,1,0,2
655,3,6,2007,99,1,2.9,0,90,237.7403487,5.5,2,2,1,0,2
802,3,253,2011,144,3,3.6,0,100,324,7,2,0,3,2,2
419,3,264,2009,326,1,3.47,0,94,320,0,0,0,0,0,1
427,2,26,2009,71,1,2.9,760,104,0,5.5,2,0,1,0,2
469,3,251,2009,146,1,4.01,580,0,0,6.5,0,0,0,0,0
162,3,334,2010,191,1,3.1,0,110,326.5,6,3,2,2,3,2
611,3,10,2008,327,2,3.14,0,90,278.5666252,0,0,0,1,0,1
540,3,10,2010,55,1,3.68,0,0,0,0,0,0,0,0,0
252,3,253,2010,150,1,3.5,0,0,0,7.5,0,1,0,0,1
622,2,282,2007,367,3,3.11,0,100,293.0012453,7,4,3,5,0,3
818,2,250,2006,243,3,3.21,0,97,264.9937733,0,0,0,0,0,1
417,3,339,2009,398,1,3.5,680,100,0,6.5,2,0,1,0,2
175,3,314,2010,86,1,3.65,720,0,0,8,2,2,1,3,2
466,3,224,2009,275,2,3.1,0,104,324,5.5,2,0,4,0,2
226,2,26,2010,71,1,3.5708,660,0,0,0,2,0,0,2,0
379,2,83,2009,54,1,3.4,640,99,0,0,0,0,0,0,1
389,3,269,2009,71,1,3.3,690,92,0,0,0,0,0,0,0
612,3,35,2008,71,1,3.61,710,101,282.983188,6.5,3,2,1,0,2
307,3,36,2009,373,1,3.62,0,0,0,6.5,2,2,4,0,2
300,3,223,2009,275,2,3.8,0,108,333,6.5,2,2,4,0,2
208,3,10,2009,71,1,3.46,690,100,0,0,1,2,1,5,1
309,3,321,2009,146,1,3.2,610,0,0,7.5,0,1,0,0,0
287,2,273,2009,296,1,3.65,0,103,323,7,4,6,5,0,3
428,3,307,2009,71,1,3.6,720,112,0,6.5,2,0,1,0,2
638,3,41,2007,99,1,3.1,0,97,310.99066,6,3,0,1,0,2
650,2,84,2007,115,1,3.5,0,101,274.2577833,6.5,2,1,1,0,2
980,2,172,2007,227,1,3.47,0,105,0,0,0,3,0,0,1
101,1,212,2010,266,1,4.05,0,86,302,0,0,2,1,6,0
431,1,337,2009,398,1,3.3,560,95,0,0,0,0,0,0,1
4,3,159,2010,326,1,3,0,100,321,0,0,1,0,10,1
892,3,111,2006,35,1,3.8,0,100,278.5666252,5.5,2,0,1,0,2
712,2,222,2010,88,1,3.3,0,101,313,5.5,3,2,1,1,2
102,3,255,2010,342,3,2.968,0,110,332.5,0,1,0,1,4,1
852,3,326,2006,15,2,3.47,0,0,0,7,4,2,5,0,3
11,3,321,2008,175,1,3.7,0,0,315,0,0,1,1,0,0
31,2,108,2010,381,1,3.8,0,101,320,5.5,2,1,4,0,2
185,3,159,2010,189,3,3.3616,0,100,321.5,0,0,0,4,4,0
849,3,141,2006,325,1,2.9,0,0,270.0566625,5.5,2,0,1,0,2
361,3,124,2009,398,1,3.77,0,0,0,6.5,2,2,2,0,2
698,0,10,0,39,2,3.27,660,98,0,0,0,0,0,0,1
775,2,334,2011,398,1,3.53,710,102,0,0,0,0,0,0,1
94,3,132,2010,137,3,2.832,0,104,0,0,0,0,3,5,1
484,3,158,2009,395,1,3.46,0,104,320,7,5,3,5,0,3
699,3,41,2011,417,1,3.49,0,110,326,7,6,2,5,0,3
902,2,47,2006,48,1,3.1,680,95,0,0,0,0,0,0,1
198,3,282,2010,165,1,3.77,0,0,323.5,7.5,2,2,2,0,2
140,3,87,2010,401,1,3.55,760,106,0,6,3,2,2,4,2
323,1,253,2010,398,1,3.104,765.5,103,0,6,7,0,1,0,2
442,3,278,2009,256,1,3.83,0,103,328.5,6,3,0,4,0,2
618,3,282,2007,398,1,3.6,0,103,304.5273973,0,0,5,0,0,1
506,2,329,2010,398,1,3.1,0,0,0,6.5,1,1,2,0,1
573,3,10,2008,344,3,3.37,0,89,248.4047323,7,5,2,5,0,3
325,2,131,2010,349,1,3.3,0,105,314.5,0,0,1,2,0,1
134,3,26,2010,100,1,3.4,690,101,0,5.5,3,2,3,0,2
39,3,322,2010,413,1,3.1,710,102,0,7,3,1,2,0,2
757,3,307,2011,398,1,3.2,0,0,0,0,1,0,0,0,1
661,0,10,2007,55,1,3,0,0,0,0,0,1,0,0,0
192,3,146,2005,184,1,3.7,700,91,0,0,0,2,0,1,1
935,3,329,2007,398,1,3.68,740,107,0,5.5,2,3,1,0,2
566,3,318,2008,385,3,3.32,0,103,304.4196762,0,0,1,0,0,1
592,3,50,2008,107,1,3.29,0,91,325.9638854,0,0,0,1,0,1
753,3,253,2011,144,3,3.3656,0,100,324,7,2,0,2,2,2
623,3,167,2007,227,1,3.65,0,116,306.7895392,0,0,5,0,0,0
686,3,212,2010,265,1,3.48,0,107,326,7,5,3,7,3,3
758,3,224,2012,289,2,3.8,0,111,335.5,5.5,2,0,4,3,2
575,2,29,2008,332,1,3.2,0,0,0,7,4,3,1,0,2
83,2,334,2011,398,1,3.45,720,113,321,0,2,0,0,4,0
956,3,296,2007,115,1,3.24,0,101,252.0672478,5.5,2,0,1,0,2
916,2,237,2006,20,1,3.62,0,98,282.875467,7,4,2,6,0,3
511,3,46,2010,398,1,3.03,704,95,0,0,1,2,0,0,1
150,3,61,2010,177,1,3.73,610,101,0,0,2,2,0,0,1
600,3,97,2008,158,1,3.74,0,84,289.4464508,7,4,3,7,0,3
128,3,192,2010,252,1,3.22,0,0,0,5.5,0,0,0,1,0
733,3,142,2011,296,1,3.54,0,100,324,7,4,2,6,0,3
383,1,89,2009,249,1,2.9,0,101,0,5.5,2,0,1,0,2
813,3,329,2011,398,1,3.55,0,103,321.5,5.5,2,1,1,3,2
30,1,1,2010,1,1,2.9,0,91,303,5.5,2,2,1,0,2
99,3,142,2010,304,2,3.4,0,0,312,6,2,2,2,1,2
951,1,330,2007,398,1,3.77,680,0,0,6.5,0,2,0,0,1
316,2,329,2009,398,1,3.8,660,93,0,0,0,0,0,0,1
972,3,27,2007,71,1,3.4,710,104,0,6,2,1,1,0,2
599,0,10,2008,327,2,3.8,0,0,0,6.5,0,1,0,0,0
645,3,212,2007,270,1,3.2,0,93,0,0,0,2,0,0,0
883,2,282,2006,11,1,3.49,0,110,319.5006227,7,4,2,7,0,3
748,3,17,2011,353,1,3.31,0,105,328,7,4,4,6,0,3
292,3,263,2009,349,2,3.36,0,98,314.5454545,5.5,2,0,1,0,2
338,3,281,2009,234,1,3.55,0,91,311,5.5,2,2,2,0,2
392,3,224,2009,284,2,3.71,0,102,0,0,0,0,0,0,1
166,3,159,2010,389,1,3.69,0,92,320,0,0,2,0,5,1
628,3,270,2007,359,1,3.3,0,116,300.2185554,0,0,4,0,0,0
243,3,71,2010,150,1,3.3,310,105,0,6.5,3,2,1,2,2
859,2,158,2006,349,3,3.85,0,100,297.3100872,6,2,0,1,0,2
890,3,313,2006,25,1,3.86,630,0,269.9489415,7,0,0,0,0,1
553,2,158,2008,78,1,0,610,85,0,0,0,2,0,0,0
838,3,276,2006,55,1,3.56,0,88,0,0,0,0,0,0,1
903,2,108,2006,30,1,3.44,0,103,255.0834371,7,4,2,6,0,3
572,3,10,2008,402,1,3.94,740,100,0,7,5,3,6,0,3
156,3,68,0,364,2,3.36,0,114,330.5,7,4,3,5,16,3
679,3,26,2011,55,1,0,700,103,0,0,2,0,0,4,0
680,2,329,2011,177,1,2.9,640,98,0,5.5,3,1,1,1,2
878,2,282,2006,50,1,2.9,714.5,107,0,0,0,0,0,0,1
385,1,173,2008,392,1,3.26,590,82,0,0,0,0,0,0,0
167,2,72,2010,321,1,3.2,730,96,0,0,1,1,0,1,1
388,3,205,2009,71,1,3.44,700,0,0,7,2,0,1,0,2
347,3,111,2009,170,1,3.2,0,100,320.5,6,2,0,1,0,2
40,2,26,2010,81,1,3.55,690,103,0,6,2,2,1,0,2
161,3,169,2010,125,1,3.52,0,110,322,6,2,2,2,3,2
306,3,321,2009,372,1,3.2,0,0,0,6,2,0,1,0,2
88,3,18,2010,177,1,3.03,0,0,0,6.5,3,0,1,1,2
390,3,307,2009,441,1,3.51,700,104,328,7,4,2,6,0,3
144,1,297,2009,252,1,3.61,0,80,0,6.5,2,2,1,1,2
969,3,163,2007,398,1,3.39,730,99,0,0,1,3,0,0,1
528,3,321,2010,318,1,3.77,0,0,0,6,3,0,1,0,2
755,3,307,2011,349,1,3.56,0,85,322,6.5,1,3,0,0,0
799,2,329,2011,398,1,3.8,760,113,0,0,0,3,0,2,1
580,3,159,2008,352,1,3.01,0,97,272.1033624,7,4,3,7,0,3
186,3,218,2010,141,1,3.3,0,98,313,7,4,2,7,3,3
395,3,200,2009,257,1,2.9,0,102,329,6,2,0,1,0,2
617,1,23,2007,42,1,3.54,680,0,0,7,0,3,0,0,1
157,3,224,2010,70,3,3.66,0,0,315,0,0,1,2,7,1
446,1,318,2009,385,1,3.464,0,99,318.5,7,4,2,5,0,3
489,3,321,2009,372,3,3.66,0,109,287.1843088,6.5,2,1,1,0,2
865,3,221,2006,5,2,3.32,0,0,0,0,0,0,0,0,1
964,2,253,2007,332,1,4.2,0,84,0,0,2,2,0,0,1
274,2,290,2009,211,1,3.3,690,109,221,5.5,2,1,1,0,2
199,1,268,2010,60,2,3.69,0,70,0,0,0,3,0,4,0
432,1,283,2009,203,1,3.62,0,0,0,0,0,0,0,0,0
315,2,192,2009,37,1,3.4,0,101,0,6,2,0,3,0,2
340,3,67,2009,279,1,3.78,0,98,310,6.5,2,1,1,0,2
884,3,334,2006,25,1,3.73,760,112,272.2110834,7,4,2,5,0,3
936,2,158,2007,71,1,3.8,730,103,0,5.5,3,1,1,0,2
235,3,206,2010,332,2,3.39,0,0,0,6,2,0,2,0,2
130,3,84,2010,315,1,3.85,710,106,0,0,1,1,1,1,1
561,3,203,2008,170,1,3.61,0,94,319.6083437,0,0,1,1,0,1
989,2,177,2012,71,1,3.56,0,0,0,7,2,0,1,0,2
369,3,235,2009,365,1,3.4,0,92,297,0,0,3,0,0,0
860,2,328,2006,6,1,2.83,0,70,0,0,0,0,0,0,1
975,3,288,2007,71,1,3.9,755,108,0,0,2,0,0,0,1
353,2,108,2009,227,1,3.42,0,0,0,7,1,0,0,0,1
15,3,170,2010,308,1,3.82,0,0,318,7.5,3,2,3,4,2
313,1,332,2009,398,1,2.9,750,105,0,5.5,2,4,1,0,2
571,1,27,2008,78,1,3.47,720,0,0,7,2,2,1,0,2
259,2,263,2009,426,1,2.94,0,90,320,0,0,0,2,0,0
360,3,306,2009,71,1,3.2,740,0,0,8,2,0,1,0,2
532,2,242,2010,119,1,3.13,0,104,305.5,0,0,1,1,0,1
349,2,170,2009,44,1,3.4,0,106,314,5.5,2,0,1,0,2
499,3,282,2009,89,1,3.5,0,102,0,6,2,1,2,0,2
651,1,10,2007,398,1,3.3,730,0,0,7,4,2,6,0,3
926,2,87,2006,47,1,3.7,680,0,0,7,0,0,0,0,1
773,3,186,2011,192,1,3.6,0,96,315,6.5,2,1,2,4,2
92,3,224,2010,128,2,3.64,0,110,323,0,0,0,3,2,1
74,3,256,2010,341,3,3.51,0,110,315,0,1,1,2,3,0
703,3,186,2011,245,1,3.8,0,102,321,6,2,1,2,2,2
615,1,27,2008,71,1,3.7,600,95,0,5.5,3,1,2,0,2
104,3,91,2010,398,1,3.8,781.5,107,0,6.5,4,0,3,1,2
105,1,26,2010,71,1,3.08,710,104,0,6,2,1,1,6,2
414,3,192,2009,253,1,3.64,0,103,0,0,0,0,0,0,0
109,1,106,2009,180,1,3.5,0,102,313,6,2,1,4,11,2
918,3,217,2006,26,1,3.73,0,102,298.1718555,6,2,0,1,0,2
402,3,152,2009,398,1,3.58,660,98,0,6.5,1,2,0,0,0
700,2,133,2011,415,1,2.9,0,98,318,5.5,2,0,1,0,2
436,2,287,2009,380,1,3.72,0,105,331,7,4,2,6,0,3
277,2,270,2009,323,1,3.49,760,0,0,7.5,1,2,0,0,1
658,2,10,2007,64,1,2.8,680,93,0,0,0,2,0,0,0
254,3,80,2010,403,1,3.6,690,0,0,7.5,1,1,1,4,1
673,0,10,2007,55,1,0,0,0,0,0,1,0,0,0,0
160,1,329,2010,398,1,3.76,710,80,0,0,0,3,0,0,1
706,2,133,2011,415,1,3.1,0,102,318,6.5,2,0,1,0,2
856,3,321,2006,372,3,2.9,0,92,247.758406,6.5,2,0,1,0,2
331,3,25,2010,95,1,4.4,734.5,105,0,0,2,2,0,0,1
365,3,329,2009,403,1,3.26,700,109,0,0,0,0,0,0,1
863,3,206,2006,282,2,3.57,0,85,0,0,0,0,0,0,1
131,3,11,2011,148,1,3.3,0,82,0,0,0,0,0,0,0
434,1,104,0,56,1,3.51,0,0,0,0,0,0,0,0,0
718,3,157,0,210,1,3.4,0,101,332,7,4,4,7,1,3
497,2,108,2009,365,1,3.48,0,107,324,0,0,1,0,0,1
771,3,219,2010,276,1,3.5,0,0,0,6.5,2,1,3,4,2
750,3,348,2011,242,2,3.6,0,111,330.5,0,0,1,1,1,1
264,2,287,2009,219,1,3.66,0,109,291.7085928,7.5,2,1,2,0,2
965,3,253,2007,332,1,3.85,0,92,248.4047323,6,4,1,2,2,2
34,1,329,2010,439,1,3.56,0,81,315,0,1,1,0,0,1
263,3,238,2009,294,1,3.84,0,108,328.5,7,4,3,5,0,3
423,2,331,2009,398,1,3,690,100,0,0,0,0,0,0,1
71,3,82,2010,337,1,3.6,760,103,305.5,0,1,0,3,3,1
659,1,329,2007,398,1,3.4,0,0,0,0,1,1,0,0,0
435,1,304,0,55,1,3.59,0,0,0,0,0,0,0,0,0
991,3,243,2014,311,1,3.6,0,97,263.4856787,6,2,1,2,0,2
255,2,329,2009,431,1,3.38,0,0,0,0,1,0,0,0,0
701,1,47,2011,398,1,3.44,0,0,0,0,0,1,0,0,0
424,3,313,2009,398,1,3.1,620,94,0,0,0,0,0,0,0
260,3,263,2009,355,1,3.46,0,110,330.5,7,4,2,7,0,3
440,3,212,2009,269,1,3.5,0,99,316,5.5,2,0,1,0,2
947,3,91,2007,415,1,3.64,0,113,324.0249066,6.5,2,1,1,0,2
401,1,316,2009,71,1,3.7,710,103,0,0,2,1,0,0,0
812,3,217,2012,128,2,3.7,0,98,321.5,0,0,0,0,0,1
59,3,321,2010,0,1,0,0,97,321.5,6.5,0,1,1,1,1
7,3,49,2011,328,2,3.4,0,106,323.8094645,5.5,2,1,2,1,2
938,3,58,2007,71,1,3.5,750,108,0,6.5,3,2,1,0,2
303,3,217,2009,284,2,3.7,0,104,333.5,7,4,3,6,0,3
868,3,141,2006,15,3,3.44,0,0,0,0,0,0,0,0,1
69,3,77,2010,74,1,3.57,690,0,295.9097136,7,0,1,0,2,1
299,2,222,2009,112,2,3.7,0,103,320,7,4,3,6,0,3
633,1,23,2007,431,1,3.6,740,7,0,6.5,4,1,1,0,2
257,3,91,2009,398,1,3.63,744.5,111,323.5,7,5,5,5,0,3
586,3,301,2008,372,1,3.72,0,99,246.2503113,0,0,1,2,0,1
502,3,225,2009,114,2,3.36,0,103,321,5.5,3,0,3,0,2
590,2,10,2007,115,1,3.28,0,106,296.0174346,7,4,4,5,0,3
284,3,39,2009,372,2,3.74,0,100,101,7,4,3,5,0,3
448,3,59,2009,258,1,2.9,0,100,282.875467,6,2,0,4,0,2
65,3,65,2010,268,2,3.7,0,109,320,6.5,2,2,4,6,2
629,1,23,2007,177,1,3,710,103,0,0,1,2,0,0,1
422,1,93,2009,398,1,3.48,710,101,0,0,0,0,0,0,1
752,3,212,2010,161,1,4.6,0,91,318,0,0,2,3,3,0
671,0,10,2007,55,1,0,0,0,0,0,0,1,0,0,0
443,3,224,2009,275,2,3.86,0,105,0,7,4,2,7,0,3
823,3,98,2006,27,2,0,0,86,239.1407223,0,0,0,0,0,1
76,3,231,2010,317,1,3.54,0,103,302.2652553,0,1,1,0,5,1
339,2,329,2009,434,1,3.674,680,101,0,5.5,3,2,1,0,2
574,3,203,2007,261,1,3.64,0,96,327,6,2,2,1,0,2
862,3,221,2006,5,2,3.2,0,109,0,7,4,2,5,0,3
126,3,230,2010,372,2,3.6,0,103,326,0,0,0,1,1,1
509,1,329,2010,398,1,3.81,634,86,0,0,1,2,1,0,1
494,3,217,2009,112,1,3.84,0,99,321,5.5,2,1,2,0,2
14,1,190,2010,252,1,3.74,0,0,0,6,4,5,5,3,3
898,3,339,2006,25,1,3.78,660,80,0,6.5,2,0,1,0,2
342,1,127,2009,185,1,3.54,0,98,0,0,0,1,0,0,1
172,3,321,2010,104,1,2.9,0,88,0,7,3,1,1,0,2
551,2,114,2006,71,1,3.35,750,110,0,6,4,1,1,0,2
474,3,208,2009,292,1,3.74,0,105,332.5,7,5,2,5,0,3
22,3,334,2010,413,1,3.1,720,104,0,7,5,3,7,2,3
278,1,10,2009,71,1,3.72,0,0,0,0,0,0,0,0,0
286,3,230,0,238,1,3.56,0,110,103,5.5,2,0,1,0,2
777,3,226,2012,273,2,3.21,0,109,0,6.5,2,0,2,0,2
627,3,10,2007,170,1,3.6,0,97,299.4645081,0,1,1,0,0,0
873,2,352,2006,243,1,3.496,0,0,0,0,0,0,0,0,1
460,3,311,2009,334,1,3.8,0,79,0,0,0,0,1,0,1
457,2,26,2009,71,1,2.9,0,0,0,7.5,2,2,1,0,2
548,1,87,2008,261,1,2.9,720,0,0,7.5,3,1,1,0,2
262,3,10,2009,280,2,3.7,0,104,291.7085928,6,2,0,2,0,2
97,3,199,2010,271,1,4.13,0,97,318,0,0,2,2,4,1
343,1,334,2009,408,1,3.2,640,94,0,0,1,3,0,0,1
28,3,74,2010,332,1,3.65,0,103,328,6,3,0,3,0,2
924,3,17,2006,63,1,3.7,0,0,0,7,4,2,5,0,3
958,1,126,2007,177,1,3.3,630,96,0,0,0,1,0,0,1
80,3,188,2010,442,1,3.36,0,99,306.7895392,0,0,1,1,6,0
487,3,158,2009,349,3,3.31,0,100,295.9097136,7,4,2,6,0,3
974,3,288,2007,71,1,2.9,755,105,304.7428394,6.5,4,1,1,0,2
518,2,282,2010,149,1,3.45,0,0,0,8,4,0,1,0,2
578,3,112,2008,397,1,3.51,0,103,308.7285181,7,3,1,2,0,2
120,3,347,2012,306,1,3.89,0,0,0,0,0,2,1,1,0
201,2,282,2009,64,1,3.24,630,0,0,6.5,2,3,1,1,2
788,2,74,2011,319,1,3.77,710,0,0,7,2,1,0,0,1
594,3,228,2008,199,2,3.5,0,101,313.0373599,7,4,2,6,0,3
927,2,37,2006,41,1,3.2,0,0,263.7011208,7,2,0,1,0,2
24,3,91,2010,336,1,3.46,0,104,328,7,5,3,5,0,3
382,3,84,2009,151,1,3.81,0,111,314.5454545,5.5,2,0,1,0,2
429,3,292,2009,71,1,3.67,680,104,0,0,0,0,0,0,0
724,3,158,2011,349,1,3.74,0,100,325,7,4,3,7,0,3
943,3,329,2007,398,1,3.37,760,103,0,6.5,2,2,1,0,2
537,3,150,2010,206,1,3.04,714,0,0,7.5,3,2,2,0,2
906,1,315,2006,3,1,2.7,700,100,0,0,0,0,0,0,1
559,2,329,2008,398,1,3.67,700,101,0,6,4,1,1,0,2
253,3,2,2010,403,1,2.7,0,0,0,0,2,0,1,0,0
386,2,192,2009,249,1,3.62,0,107,0,6,2,0,1,0,2
625,2,192,2007,249,1,3.5,0,94,0,7,4,5,7,0,3
324,3,161,2010,220,1,3.82,0,98,315.5,7,0,2,1,0,1
180,3,222,2010,331,2,3.18,0,108,323.5,0,1,0,3,0,1
845,3,213,2006,266,1,3.3,0,0,0,0,0,0,0,0,1
743,3,44,2011,71,1,3.7,690,103,0,6,4,3,1,1,2
899,2,282,2006,4,1,3.63,0,107,263.5933998,6.5,2,0,1,0,2
931,3,233,2006,199,1,3.272,0,86,0,6.5,2,0,1,0,2
319,3,204,2009,350,1,3.5,0,90,315,0,0,1,0,0,1
730,2,26,2011,71,1,3.7,670,109,0,6.5,2,2,1,6,2
609,3,10,2010,10,2,3.2,0,101,289.3387298,0,0,0,3,0,1
206,2,290,2010,410,1,3.7,700,108,0,0,0,3,0,5,0
833,2,178,2006,239,1,3.75,0,0,0,7,4,2,6,0,3
767,3,217,2012,128,2,3.8,0,98,285.137609,0,0,0,0,0,1
51,3,334,2010,438,1,3.61,0,103,321,0,1,2,1,0,1
329,3,25,2010,177,1,3.3,644.5,0,0,7,1,3,0,0,1
736,3,312,2011,398,1,4.52,730,99,0,0,1,3,2,3,0
9,2,350,2010,444,3,3.14,0,101,319,0,0,2,1,4,0
245,2,72,2010,211,1,3.56,0,103,310,0,1,2,0,8,1
6,3,62,2010,138,3,3.55,0,107,333,0,0,0,1,4,1
27,3,261,0,347,1,3.51,0,111,329.5,0,0,0,0,0,0
52,3,263,2009,349,1,3.15,0,92,319,0,0,2,1,1,1
492,3,217,2009,281,1,3.72,0,98,324,0,0,11,1,0,1
354,3,84,2009,33,1,3.49,0,104,0,7,4,2,6,0,3
727,1,258,2012,253,1,3.3,0,0,0,0,0,0,0,0,0
531,3,31,2010,94,1,3.82,0,80,293,5.5,2,2,3,0,2
285,3,134,2009,262,2,3.8,0,99,319,6.5,2,0,2,0,2
486,3,321,2009,372,1,3.2,0,91,311.5,6,3,0,5,0,2
853,2,30,2006,93,1,3.3,0,101,0,0,0,0,0,0,1
535,2,212,2010,71,1,3.15,674,99,0,0,0,3,0,0,1
108,3,128,2010,225,1,3.4,723,104,0,6,3,2,1,2,2
734,3,273,2011,293,3,3.76,0,101,325,7,4,2,7,5,3
464,3,319,2009,241,2,2.9,0,106,322,6,2,2,3,0,2
188,3,189,2010,159,1,3.41,0,102,0,6,2,1,2,0,2
644,2,349,2007,444,1,3.1,0,94,246.2503113,0,0,1,0,0,1
937,2,329,2007,415,1,3.52,0,107,295.1556663,6.5,3,2,1,0,2
138,3,35,2010,398,1,3.39,710,0,0,0,1,2,0,0,0
205,3,242,2010,183,1,3.2,720,97,0,0,0,3,2,4,0
364,3,329,2009,399,1,3.83,760,111,0,6,2,3,1,0,2
85,3,282,2010,211,1,3.47,0,115,321.5,5.5,2,2,3,4,2
621,1,168,2007,93,1,3.83,0,107,302.2652553,0,0,4,0,0,1
86,2,290,2010,359,1,3.73,0,111,308.8362391,5.5,2,1,1,2,2
191,3,253,2008,79,1,3.3,0,12.7,0,6.5,1,2,0,6,1
583,3,264,2008,349,1,3.83,0,0,246.2503113,7,3,2,1,0,2
21,3,159,2010,419,1,3.43,0,108,330,6,3,1,2,2,2
454,3,321,2009,374,1,2.9,0,102,317,6.5,2,0,5,0,2
159,3,141,2010,299,2,3.55,0,110,329,6.5,2,0,3,2,2
675,0,10,2007,55,1,0,0,0,0,0,0,1,0,0,0
656,3,6,2007,99,1,2.9,0,88,0,5.5,2,2,1,0,2
839,3,230,2006,15,2,2.8,0,96,275.765878,0,0,0,0,0,1
582,3,124,2008,398,1,3.48,0,97,315,0,1,2,3,0,1
2,3,253,2010,340,3,3.5556,0,109,333,6,3,0,1,1,2
135,3,115,2010,96,1,2.9,710,101,0,6.5,3,1,2,0,2
735,2,287,2011,368,1,3.65,0,103,321,7.5,2,2,1,3,2
510,1,44,2010,398,1,3.5,0,0,0,7,0,2,0,0,1
782,2,192,2011,155,1,3.43,0,0,0,7,3,2,1,1,2
433,1,114,2009,55,1,3.06,0,0,0,0,0,0,0,0,0
800,3,17,2011,353,1,3.5,0,105,328,7,4,4,6,0,3
345,3,113,2009,172,1,3.3,0,104,321.5,7,4,5,6,0,3
18,2,179,2010,415,1,3.67,0,0,310,6.5,4,0,1,2,2
597,3,298,2008,382,2,3.52,0,96,297.9564134,5.5,2,0,2,0,2
738,3,224,2011,282,2,3.6,0,110,332,7,4,2,7,1,3
988,3,190,2011,150,1,3.87,0,0,0,7,2,0,1,0,2
647,3,10,2007,332,1,3.7,0,0,280.7210461,0,0,2,0,0,0
357,3,0,2009,181,1,3.55,770,110,0,7,6,3,7,0,3
244,3,147,2010,202,1,3.15,0,93,323.5,0,0,1,2,0,1
810,3,298,2012,374,2,3.51,0,99,332,7,4,3,6,2,3
889,2,194,2006,37,1,3.46,0,91,304.7428394,7,2,0,1,0,2
225,3,152,2010,399,1,3.77,0,0,0,7,2,1,2,0,2
5,3,87,2010,398,1,3.72,620,100,0,5.5,3,4,1,1,2
979,3,253,2007,440,1,3.344,0,107,272.4265255,7,5,5,5,0,3
684,3,282,2010,368,1,3.4,0,0,0,7.5,4,1,1,1,2
26,3,251,2010,337,2,3.35,0,101,326,0,1,0,1,0,1
46,3,192,2010,56,2,3.42,0,80,313.5,0,0,0,2,3,0
749,3,273,2011,295,1,4,0,102,311,7,4,3,5,0,3
731,2,74,2006,319,1,3.4,710,0,0,7,2,1,0,0,1
682,3,161,2011,423,1,3.7,0,0,0,0,1,2,3,2,0
893,2,74,2006,48,1,3.4,0,0,0,5.5,2,0,1,0,2
158,3,101,2010,170,2,2.96,0,91,308,0,0,1,1,1,1
337,2,114,2010,115,1,3.37,0,108,330,6.5,4,1,2,0,2
84,3,145,2010,177,1,3.32,0,105,321.5,0,0,1,1,1,1
279,3,159,2009,358,1,3,0,101,317,0,1,2,2,0,1
111,3,113,2010,61,1,3.4,0,95,0,0,0,1,3,1,0
409,3,158,2009,420,1,2.9,0,98,310,0,0,0,0,0,1
719,3,137,0,347,1,3.6,0,96,321,5.5,2,1,2,0,2
35,3,145,2010,177,1,3.71,0,0,0,7.5,2,2,1,0,2
451,3,227,2009,199,1,4,0,90,314,6.5,6,2,6,0,3
220,1,9,2012,65,1,3.3,0,0,0,7,3,1,1,0,2
352,1,20,2009,124,1,2.8,0,90,305,0,0,1,0,0,0
407,3,91,2009,398,1,3.3,744.5,111,323.5,7.5,1,2,1,0,1
116,3,226,2010,313,2,3.74,0,114,338,7,4,2,7,2,3
251,3,130,2010,179,1,3.75,0,101,0,0,2,1,0,2,0
55,3,154,2011,8,2,3.36,0,104,322,0,0,0,1,0,0
992,1,19,2015,55,1,3.3,0,0,0,6.5,2,0,1,0,2
713,3,171,2011,226,1,3.5,0,107,0,5.5,2,3,3,5,2
705,3,273,2012,6,1,3.1,0,110,328,0,1,0,5,0,0
296,3,216,2009,272,2,3.5,0,105,326,6.5,3,2,1,0,2
400,3,321,2009,392,1,3.2,0,90,315,0,0,3,3,0,1
238,3,198,2010,301,1,3.2,0,101,0,0,0,1,0,1,0
722,3,41,2011,99,1,3.43,0,107,330,7,4,2,6,0,3
91,3,224,2010,275,2,3.62,0,99,314,0,0,0,2,7,0
147,3,313,2010,116,1,3.89,0,80,320,6,4,1,2,0,2
212,3,253,2010,398,1,3.1,660,100,0,6.5,2,2,3,5,2
714,3,87,2011,316,1,2.9,720,110,0,6.5,2,2,1,0,2
231,3,324,2010,178,1,3.53,0,0,0,6.5,2,2,1,4,1
93,3,132,2010,135,1,2.8,0,97,310,0,0,1,1,8,0
514,3,132,2010,140,1,3.75,0,101,320.5,0,0,1,1,0,1
57,3,181,2010,242,2,3.3,0,102,319,7,4,3,7,2,3
869,3,62,2006,138,1,2.9,0,113,0,5.5,2,0,1,0,2
465,3,216,2009,272,1,3.8,0,90,0,6.5,2,1,11,0,2
619,1,329,2007,398,1,3,650,105,0,0,2,2,0,0,1
613,1,329,2008,398,1,3.3844,690,0,0,7,2,3,1,0,2
789,3,142,2011,296,1,3.7,0,100,324,7,4,2,7,0,3
334,1,279,2009,366,1,3.6,0,107,326.5,6.5,2,4,3,0,2
425,3,296,2009,115,1,3.3,0,116,0,7,4,2,5,0,3
774,1,340,2011,388,1,3.74,750,0,0,8,4,3,5,1,3
745,3,135,2010,195,1,3.8,0,0,0,5.5,2,2,1,2,2
900,2,108,2006,216,1,3.66,0,109,280.7210461,7,4,2,7,0,3
493,2,66,2009,329,2,4.73,0,100,269.3026152,0,0,3,0,0,0
875,3,224,2006,282,2,3.3,0,89,0,6,2,0,1,0,2
694,3,251,0,153,1,3.7,690,99,0,6,4,1,2,3,2
45,3,242,2010,92,1,3.25,0,0,312,7.5,4,4,6,5,3
403,2,161,2009,221,1,3.16,0,98,297.9564134,5.5,2,2,4,0,2
496,3,165,2009,51,1,3.15,0,103,0,6,2,1,1,0,2
842,3,141,2006,15,2,3.3,0,105,297.3100872,7,4,2,5,0,3
637,2,282,2007,168,1,3.5,0,110,258.5305106,7,4,4,5,0,3
904,1,24,2006,49,1,3.4,0,100,285.137609,6.5,2,0,1,0,2
330,3,307,2010,398,1,4.56,0,99,0,0,0,3,1,0,0
646,1,329,2007,398,1,3.6,640,95,0,0,0,1,0,0,1
664,0,10,2007,55,1,0,0,0,0,0,0,1,0,0,0
463,1,329,2009,332,1,3.26,0,84,0,0,0,0,0,0,0
805,3,307,2011,398,1,3.3656,0,0,0,0,1,0,0,0,1
411,3,313,2009,71,1,3.55,710,111,0,0,0,0,0,0,0
526,3,311,2010,398,1,3.27,610,0,0,7,0,3,0,0,1
670,0,10,2007,55,1,0,0,0,0,0,0,0,0,0,0
13,2,287,2010,359,1,3.15,0,0,0,7.5,0,1,0,3,1
922,1,282,2006,218,1,2.9,0,99,246.2503113,6,2,0,1,0,2
103,3,133,2010,349,1,3.02,0,110,324.5,7,6,2,5,5,3
657,1,195,2007,249,1,3.2,0,88,0,0,0,2,0,0,0
953,3,164,2007,365,1,3.03,0,90,285.0298879,7,4,6,7,0,3
596,2,298,2004,232,3,3.07,0,96,0,0,0,0,0,0,1
545,2,290,2011,211,1,3.67,0,110,306.6818182,7,4,5,5,0,3
606,3,85,2008,34,1,3.8,0,103,237.7403487,5.5,2,1,2,0,2
1000,3,253,2010,398,1,3.25,760,102,0,0,0,3,0,0,1
720,1,241,2005,57,1,3.4,0,108,321.5,7.5,0,0,0,2,0
539,3,253,2010,431,1,3.35,0,113,327.5,7,5,4,6,0,3
228,2,72,2010,75,2,3.7,720,0,0,7,3,3,1,0,2
990,3,70,2013,115,1,3.34,0,106,318.8542964,7,4,2,5,0,3
221,3,92,2010,398,1,3.04,710,0,0,0,0,1,3,1,0
184,3,159,2010,349,2,3.36,0,105,329.5,7,4,2,5,1,3
740,3,224,2011,286,3,3.52,0,101,320,7,4,2,6,1,3
328,3,38,2010,109,1,3.25,0,97,324.5,0,0,2,2,0,1
541,2,74,2010,177,1,3.74,714.5,108,0,0,2,1,0,0,1
678,2,26,2011,71,1,2.9,710,0,0,8,3,2,1,0,2
405,2,240,2009,349,1,3.78,0,0,308,0,1,1,3,0,0
960,3,320,2007,415,1,3.47,0,60,226.2141968,0,0,1,0,0,0
696,3,253,2011,55,1,3.44,0,0,0,0,0,0,0,0,0
348,2,240,2009,84,1,3.4,12.1,95,313,0,0,0,0,0,0
23,3,34,2010,399,1,2.9,660,0,0,7,3,1,1,1,2
888,3,120,2006,13,1,3.64,0,100,298.1718555,7,4,2,5,0,3
200,3,74,2010,404,1,3.4,0,105,322,0,1,2,0,6,1
70,3,46,2010,398,1,3.8,700,98,321,7,3,2,3,1,2
761,3,251,2011,332,1,3.68,0,102,328,6,3,1,2,1,2
636,1,329,2007,398,1,3.11,610,95,0,0,0,3,0,0,1
370,2,270,2009,115,1,3.8,0,106,302.3729763,5.5,2,0,1,0,2
542,3,274,2011,398,3,3.74,734.5,110,0,7,5,4,6,0,3
194,3,81,2010,71,1,3.48,730,109,0,7,4,2,1,2,2
310,3,321,2009,315,1,3,650,0,0,0,0,4,0,0,1
564,3,232,2008,296,1,3.4,0,90,265.6400996,0,0,0,2,0,0
146,1,258,2010,254,1,3.5,0,106,0,7,4,4,7,0,3
933,2,329,2007,398,1,3.8,0,0,0,7,2,0,1,0,2
247,2,72,2010,143,1,3.5,0,0,0,7.5,0,0,0,0,1
601,3,10,2009,393,2,3.71,0,91,257.0224159,7,4,2,6,0,3
809,3,251,2011,332,1,3.68,0,102,328,6.5,3,1,2,1,2
490,3,230,2009,5,2,3.96,0,105,325,7,4,3,7,0,3
137,3,158,2010,415,1,3.08,0,105,323,7,5,4,6,0,3
89,2,72,2010,110,1,3.7,0,0,0,7,0,2,0,1,1
803,1,340,2012,349,1,3.9,0,0,323,7.5,4,3,7,0,3
932,1,122,2007,398,1,3.3,760,105,0,5.5,2,3,1,0,2
521,2,192,2010,177,1,3.63,640,100,0,0,0,1,0,0,1
796,3,251,2011,335,1,3.55,0,100,324,5.5,3,0,1,0,2
536,2,271,2010,227,1,3.57,0,111,316,6.5,2,3,1,0,2
591,3,156,2008,110,1,3.42,0,0,0,6.5,1,2,0,0,1
816,2,57,2011,242,1,3.5,0,0,0,0,0,0,1,0,0
648,3,158,2007,173,1,3.6,0,111,323.9171856,7,4,3,5,0,3
256,3,224,2009,275,2,3.08,0,107,327.5,7,4,2,6,0,3
311,3,236,2009,16,1,3.36,0,105,0,0,0,3,0,0,1
420,2,267,2009,421,1,3.59,0,99,321,6,2,0,1,0,2
355,2,287,2009,28,1,3.2189,0,92,0,6.5,3,0,1,0,2
75,3,159,2010,351,3,3.86,0,99,315,6.5,2,0,2,2,2
12,2,84,2010,68,1,3.35,0,103,317,7,4,3,6,2,3
36,3,92,2010,145,1,3.3,710,108,322,7,5,3,6,0,3
341,3,75,2009,113,2,3.53,700,97,0,5.5,2,3,1,0,2
66,3,99,2009,162,1,3.74,0,0,306.5740971,6.5,4,5,6,19,3
290,3,321,2009,372,1,3,0,102,319,0,2,0,4,0,1
793,3,221,2008,314,2,3.4,0,94,0,6,2,0,4,0,2
421,3,246,2009,398,1,3.48,770,107,0,7,4,2,5,0,3
970,3,310,2007,398,1,3.59,720,101,0,0,2,1,0,0,1
984,1,334,2007,177,1,3.45,670,101,0,5.5,2,1,1,0,2
563,3,187,2008,398,1,3.5,580,85,215.4,0,0,1,1,0,1
981,3,163,2007,440,1,3.74,760,104,0,7,6,2,7,0,3
769,3,329,2011,398,1,3.3,0,103,321.5,6,2,1,1,3,2
824,3,6,2006,394,1,3.46,0,107,284.3835616,7,4,2,7,0,3
928,3,273,2006,7,1,3.8,0,97,272.2110834,6.5,2,0,1,0,2
190,3,329,2010,339,1,4.12,0,111,321.5,0,1,1,1,3,1
67,1,339,2007,398,1,3.48,0,91,320.5,0,0,1,0,3,0
468,3,112,2009,170,1,3.44,0,103,300.2185554,7,4,2,5,0,3
914,3,334,2006,343,1,3.36,0,108,322.0859278,7,4,2,6,0,3
408,3,199,2009,173,1,3.74,0,103,320,7,4,5,5,0,3
268,2,167,2009,230,1,3.75,0,0,293.0012453,7.5,3,2,3,0,2
54,3,301,2009,378,1,3.38,0,97,321,7,4,3,5,5,3
858,3,298,2006,372,2,2.9,0,87,230.5230386,5.5,2,0,1,0,2
556,1,10,2008,392,1,3.12,0,0,0,7.5,0,0,0,0,0
250,1,74,2010,177,1,3.32,640,97,0,0,1,0,0,0,1
133,3,26,2010,71,1,3.5,690,85,0,0,1,2,0,0,1
999,2,290,2010,22,1,3.68,0,93,269.9489415,7,4,2,5,0,3
61,3,155,0,98,2,3.424,0,100,322,6.5,2,0,4,1,2
121,3,10,2010,15,1,3.55,0,0,319,0,0,0,1,0,0
308,3,230,2009,296,1,3.42,0,102,316,5.5,2,0,1,0,2
791,2,287,2011,368,1,3.76,0,103,321,7.5,2,2,1,3,2
3,3,252,2010,418,1,3.4,0,107,319,0,0,1,3,3,1
672,0,10,2007,55,1,0,0,0,0,0,1,2,0,0,0
95,3,62,2010,132,3,3.61,0,103,324.5,6.5,2,2,4,2,2
826,2,167,2006,88,1,3.74,0,0,315.622665,7,4,2,6,0,3
814,3,186,2012,192,1,3.8,0,96,315,6.5,2,1,2,4,2
723,2,192,2011,155,1,3.8,0,0,0,7,3,3,1,1,2
373,3,230,2010,17,3,4.48,0,103,0,0,0,3,1,0,0
690,3,15,2010,278,2,3.8,0,102,325,6,2,1,3,0,2
164,3,41,2010,296,1,3.5,0,96,318,6,2,1,3,0,2
29,3,321,0,349,1,3.81,0,93,326,5.5,2,1,1,0,2
165,3,91,2010,182,1,3.8,720,106,0,6,3,1,2,1,2
751,3,114,2010,416,1,3.9,0,107,326,5.5,2,3,3,2,2
237,3,56,2010,170,1,3.59,0,91,0,0,0,0,2,0,0
214,1,343,2010,433,1,3.51,0,105,0,0,2,0,0,4,0
153,3,245,2010,73,1,3.06,690,91,0,0,0,1,1,1,1
524,1,7,2010,251,1,3.58,0,103,0,0,0,2,1,0,1
973,3,75,2007,71,1,3.65,690,95,0,7,2,2,0,0,1
495,2,183,2009,244,2,3.35,0,103,328.0105853,7,4,2,5,0,3
56,3,202,2010,260,1,3.3,241.8,110,322,5.5,2,1,2,3,2
919,2,108,2006,53,1,3.47,0,103,264.9937733,7.5,4,2,5,0,3
455,1,94,2009,398,1,3.38,710,103,0,0,1,3,0,0,1
366,2,127,2009,177,1,3.73,0,0,0,7.5,4,4,6,0,3
217,2,301,2009,66,1,3.67,0,112,322.5,0,0,1,0,0,1
25,3,162,2010,432,1,3.4,0,108,331,0,0,1,2,0,1
60,3,145,2010,203,2,3.46,0,0,313,0,0,0,0,0,1
641,3,62,2007,130,2,3.43,0,95,250.6668742,0,1,0,0,0,1
398,3,309,2009,398,1,3.48,755.5,111,324.1326276,7,4,1,1,0,2
827,3,224,2006,275,2,3.5,0,101,285.137609,7,4,2,6,0,3
654,1,127,2007,365,1,3.6,590,95,0,5.5,3,2,1,0,2
516,3,10,2010,372,1,3.24,0,0,0,5.5,2,0,1,0,2
963,2,148,2007,205,1,2.4,550,80,0,0,1,0,0,0,1
787,2,26,2011,71,1,3.46,670,109,0,6.5,2,2,1,6,2
154,3,45,2010,177,1,3.14,670,0,7,0,0,2,1,2,1
610,3,10,2008,108,2,3.5,0,101,291.4931507,7,4,2,6,0,3
295,2,158,2007,349,3,4.5,0,98,276.4122042,0,0,0,1,0,1
948,2,74,2007,398,1,3.64,700,109,0,0,0,1,0,0,1
798,1,27,2011,71,1,3.44,0,105,0,7.5,2,0,1,0,2
794,3,224,2011,286,3,3.6,0,101,320,7,4,2,6,1,3
249,1,327,2010,176,1,3.51,415.31,0,0,0,1,1,0,1,0
248,3,167,2010,238,1,3.45,0,85,0,0,0,1,1,0,0
449,3,212,2009,270,1,3.7,0,97,314,6.5,2,0,3,0,2
759,2,42,2011,318,1,3.24,0,101,325,5.5,3,2,1,0,2
168,1,327,2010,177,1,3.4,0,0,0,0,0,1,0,3,0
148,2,84,2010,117,1,2.9,0,103,320,6.5,3,2,1,1,2
747,2,329,2011,398,1,3.43,760,113,0,0,0,3,0,2,1
112,3,192,2009,309,3,3.62,0,90,299,5.5,2,1,5,7,2
418,3,158,2009,415,1,3.43,0,101,324,7,4,2,6,0,3
786,1,258,2014,253,1,3.3,0,0,0,0,0,0,0,0,0
550,3,26,2008,71,1,3.75,640,93,0,0,1,0,1,0,0
450,3,180,2009,385,1,3.52,0,89,0,0,0,0,3,0,1
945,2,78,2007,400,1,3.36,0,105,298.1718555,7,4,4,7,0,3
544,2,26,2010,55,1,0,0,0,0,0,0,0,0,0,0
850,2,102,2006,243,1,3.3,0,0,0,6.5,2,0,1,0,2
224,3,3,2010,398,1,3.9,0,0,0,5.5,3,0,2,1,2
879,3,339,2006,24,1,3.27,0,102,296.2328767,0,0,0,0,0,1
118,3,334,2010,357,1,3.2,0,106,328.5,7,3,0,2,2,2
232,3,321,2010,177,1,3.68,710,105,0,7,4,2,5,2,3
132,2,192,2010,249,1,3.2,0,106,0,6.5,3,1,1,0,2
304,3,141,2009,15,2,3.38,0,103,0,7,4,3,6,0,3
971,1,307,2007,398,1,2.74,650,97,0,0,1,1,0,1,1
375,3,273,2009,18,1,2,0,104,324,0,0,0,0,0,1
828,3,223,2006,127,1,3.7,0,105,297.3100872,7,4,2,7,0,3
744,3,33,2011,398,1,3.44,0,100,326,6,2,1,1,1,2
207,1,336,2010,147,1,3.774,740,0,0,6.5,1,0,0,8,1
653,3,10,2007,56,1,3,0,80,198,0,0,1,0,0,0
503,3,244,2010,443,1,3.8,735,0,0,8,2,3,1,0,2
122,3,10,2010,15,1,3.6,0,98,328,6.5,2,0,1,0,2
445,3,262,2009,162,1,3.88,0,97,318,0,0,0,3,0,1
929,3,95,2006,9,1,3.6,0,0,0,7,2,0,1,0,2
817,3,131,2011,415,1,3.6,0,101,0,6.5,2,0,1,0,2
821,3,158,2006,387,2,3.25,0,103,297.3100872,7,4,2,6,0,3
467,3,96,2009,158,3,3.5,0,106,318.5,7,4,4,5,0,3
107,3,145,2010,166,1,3.73,0,102,0,7,0,2,3,5,1
241,3,63,2010,131,1,3,0,98,323,0,0,1,0,1,1
47,2,334,2010,71,1,3.75,700,107,0,0,1,0,1,6,1
607,3,10,2008,370,3,3.9,0,99,285.137609,7,4,2,5,0,3
913,3,275,2006,48,1,3.58,720,100,0,5.5,2,0,1,0,2
297,3,217,2009,313,2,3.24,0,103,331.5,6.5,2,3,2,0,2
543,2,229,2010,64,1,3.7,664,101,0,7,5,4,5,0,3
808,3,329,2011,415,1,3.65,0,109,334,7,4,3,5,1,3
642,3,217,2007,290,2,3.33,0,107,298.0641345,0,0,1,0,0,1
453,3,141,2009,199,1,3.74,0,100,286.5379826,6.5,2,0,4,0,2
533,3,269,2010,71,1,3.3,694.5,110,0,0,1,2,0,0,0
197,3,84,2010,120,1,3.7,0,101,0,0,1,2,1,3,0
962,3,145,2007,213,1,2.95,0,60,215,0,0,0,0,0,0
119,3,346,2010,255,1,3.87,0,103,326,6,2,2,1,0,2
581,2,329,2008,349,1,3.32,0,107,296.0174346,7,4,5,7,0,3
687,2,329,2010,415,1,3.84,0,100,318,0,1,1,0,0,1
843,3,298,2006,372,2,2.9,0,76,252.0672478,5.5,2,0,1,0,2
768,3,321,2011,376,1,3.83,0,102,328.5,7,4,3,6,0,3
997,3,310,2015,398,1,3.53,730,98,0,6.5,2,1,1,0,2
587,3,156,2007,93,1,3.44,0,110,276.6276463,5.5,2,4,1,0,2
930,3,217,2006,277,1,3.74,0,76,254.867995,7,4,2,5,0,3
472,3,321,2009,375,1,3.5,0,88,313,6,2,0,1,0,2
891,1,74,2006,25,1,4.25,704.5,101,0,0,0,0,0,0,1
569,2,43,2008,177,1,3.2,0,0,0,7,3,2,2,0,2
604,3,248,2009,122,2,3.4,0,96,246.4657534,0,0,2,0,0,0
275,3,148,2009,177,1,3.28,0,0,0,7,3,1,1,0,2
498,3,127,2009,223,1,3.11,0,105,0,5.5,2,3,1,0,2
332,3,74,2010,398,2,3.27,0,105,0,0,2,1,0,0,0
412,2,289,2009,204,2,3.8,0,107,317,6.5,2,0,1,0,2
711,1,89,2011,208,1,3.59,0,80,314,0,0,1,1,1,0
741,3,62,2015,134,1,3.81,0,0,326.5,7,4,2,5,1,3
387,1,89,2009,249,1,3.8,0,108,316,6.5,2,0,1,0,2
697,3,321,2008,415,1,3.43,0,107,330.5,7,4,3,6,2,3
716,3,223,2011,445,2,3.4,0,99,319,0,0,0,1,1,0
452,3,300,2009,374,3,3.248,0,103,325,7,5,4,5,0,3
41,3,151,2010,59,1,0,720,104,0,0,2,1,1,0,1
43,3,2,2010,83,1,3.57,710,0,0,7.5,1,2,0,2,1
305,3,14,0,58,1,3.72,0,0,0,0,0,2,2,0,0
874,3,223,2006,275,2,3.56,0,104,0,0,0,0,0,0,1
836,2,326,2006,15,1,2.9,0,87,277.9202989,6,2,0,1,0,2
415,3,251,2009,407,1,2.9,650,92,0,7,2,0,1,0,2
377,3,39,2009,12,1,3.85,0,105,323,5.5,3,0,1,0,2
125,3,324,2010,372,1,3.148,0,102,0,0,0,0,1,0,1
461,2,329,2009,398,1,2.77,730,105,0,0,1,1,2,0,1
995,3,149,2015,398,1,3.42,700,109,0,7.5,4,0,1,0,2
950,1,329,2007,403,1,3,660,0,0,6.5,0,2,0,0,1
404,2,325,2009,365,1,3.28,0,83,0,0,0,1,1,0,0
289,3,140,0,372,1,3.28,0,110,320,7,4,2,6,0,3
456,2,335,2009,409,1,3.53,710,103,0,5.5,3,1,1,0,2
32,3,52,2010,45,1,3.7,0,0,318,7.5,1,2,0,0,1
584,3,159,2008,356,1,3.12,0,104,315,6.5,2,1,3,0,2
885,3,26,2006,25,1,3.52,750,104,263.5933998,6,2,0,1,0,2
923,2,273,2006,31,1,3.4,0,86,0,0,0,0,0,0,1
181,3,221,2008,279,2,3.74,0,109,330.5,7,4,3,6,4,3
478,3,145,2009,201,3,3.53,0,102,287.2920299,6.5,2,0,1,0,2
288,3,48,2009,106,1,3.74,0,103,102,6.5,2,0,1,0,2
784,1,251,2012,163,1,3.7,0,0,332.5,0,0,1,0,8,1
880,1,329,2006,3,1,3.47,660,99,0,5.5,2,0,1,0,2
525,2,270,2010,142,1,3.39,0,0,0,7.5,2,3,1,0,2
333,3,257,2010,118,1,3.28,0,110,325,7,6,5,6,0,3
33,3,242,2010,121,1,3.9,0,108,321,0,0,3,0,0,1
218,3,121,2010,196,2,3.8,0,100,323,5.5,2,1,1,2,2
